Feature,Importance
total_usage,0.846541966407948
ticket_count,0.07577311724150496
monthly_revenue,0.04032784175528629
plan_encoded,0.03735707459526083
